playerId,Name,seasonId,teamAbbrev,goals,assists,points,plusMinus,powerPlayGoals,powerPlayPoints,gameWinningGoals,otGoals,shots,shifts,shorthandedGoals,shorthandedPoints,pim,toi,games,ppg,gpg,apg,spg,positionCode,team_points,team_wins,std_ppg
8480012,Elias Pettersson,20182019,VAN,28,38,66,3,10,22,7,1,144,1598,0,0,12,17.888262910798122,71,0.9295774647887324,0.39436619718309857,0.5352112676056338,2.028169014084507,C,81,35,3.2607502759592553
8483808,Andrei Kuzmenko,20222023,VAN,39,35,74,9,14,19,4,2,143,1589,0,0,8,16.241769547325102,81,0.9135802469135802,0.48148148148148145,0.43209876543209874,1.7654320987654322,LW,83,38,2.7196460503971225
8478402,Connor McDavid,20152016,EDM,16,32,48,-1,3,14,5,1,105,1030,0,0,18,18.884814814814813,45,1.0666666666666667,0.35555555555555557,0.7111111111111111,2.3333333333333335,C,70,31,2.6657243928287966
8478864,Kirill Kaprizov,20202021,MIN,27,24,51,10,8,13,3,2,157,1052,0,0,16,17.861212121212123,55,0.9272727272727272,0.4909090909090909,0.43636363636363634,2.8545454545454545,LW,75,35,2.656988402682735
8481557,Matt Boldy,20212022,MIN,15,24,39,17,3,10,2,0,113,784,0,0,10,15.38368794326241,47,0.8297872340425532,0.3191489361702128,0.5106382978723404,2.404255319148936,LW,113,53,2.6082265763895722
8484144,Connor Bedard,20232024,CHI,15,18,33,-22,1,8,2,1,118,742,0,0,12,19.06752136752137,39,0.8461538461538461,0.38461538461538464,0.46153846153846156,3.0256410256410255,C,49,14,2.565713262119152
8476346,Johnny Gaudreau,20142015,CGY,24,40,64,11,8,21,4,0,167,1971,0,0,14,16.816875,80,0.8,0.3,0.5,2.0875,LW,97,45,2.506737771304493
8480027,Jason Robertson,20202021,DAL,17,28,45,13,1,6,3,1,127,1074,0,0,16,16.886601307189544,51,0.8823529411764706,0.3333333333333333,0.5490196078431373,2.4901960784313726,LW,60,23,2.429607156097034
8478109,Victor Olofsson,20192020,BUF,20,22,42,-1,11,17,4,1,127,1163,0,0,6,17.9391975308642,54,0.7777777777777778,0.37037037037037035,0.4074074074074074,2.3518518518518516,LW,68,30,2.372623964452345
8478438,Tommy Novak,20222023,NSH,17,26,43,5,5,12,3,1,93,872,0,0,8,14.65326797385621,51,0.8431372549019608,0.3333333333333333,0.5098039215686274,1.8235294117647058,C,92,42,2.370839104632073
8478444,Brock Boeser,20172018,VAN,29,26,55,-5,10,23,4,0,179,1396,0,0,16,17.49247311827957,62,0.8870967741935484,0.46774193548387094,0.41935483870967744,2.8870967741935485,RW,73,31,2.2582732202493307
8478550,Artemi Panarin,20152016,CHI,30,47,77,8,8,24,7,1,187,1820,0,0,32,18.52041666666667,80,0.9625,0.375,0.5875,2.3375,LW,103,47,2.2384199316299793
8477492,Nathan MacKinnon,20132014,COL,24,39,63,20,8,17,5,0,241,1735,0,0,26,17.34410569105691,82,0.7682926829268293,0.2926829268292683,0.47560975609756095,2.9390243902439024,C,112,52,2.184345232539203
8479339,Patrik Laine,20162017,WPG,36,28,64,7,9,14,5,1,204,1633,0,0,26,17.912557077625568,73,0.8767123287671232,0.4931506849315068,0.3835616438356164,2.7945205479452055,LW,87,40,1.9860643234601918
8482078,Lucas Raymond,20212022,DET,23,34,57,-32,5,18,2,2,184,1687,0,0,16,17.864227642276422,82,0.6951219512195121,0.2804878048780488,0.4146341463414634,2.2439024390243905,LW,74,32,1.9077199966806013
8479318,Auston Matthews,20162017,TOR,40,29,69,2,8,21,8,1,279,1894,0,0,14,17.63109756097561,82,0.8414634146341463,0.4878048780487805,0.35365853658536583,3.402439024390244,C,95,40,1.8241064984454718
8482113,Anton Lundell,20212022,FLA,18,26,44,33,1,4,4,0,125,1371,1,4,18,15.737179487179487,65,0.676923076923077,0.27692307692307694,0.4,1.9230769230769231,C,122,58,1.8130524556433052
8477330,Dominik Kubalik,20192020,CHI,30,16,46,2,4,8,3,0,157,1224,0,0,16,14.374509803921569,68,0.6764705882352942,0.4411764705882353,0.23529411764705882,2.3088235294117645,LW,72,32,1.7590857482726614
8477404,Jake Guentzel,20162017,PIT,16,17,33,7,1,3,0,0,81,820,0,0,10,15.885833333333334,40,0.825,0.4,0.425,2.025,LW,111,50,1.7484622157194023
8481540,Cole Caufield,20212022,MTL,23,20,43,-24,5,13,3,2,188,1380,0,0,10,16.680348258706466,67,0.6417910447761194,0.34328358208955223,0.29850746268656714,2.8059701492537314,RW,55,22,1.6303014216605503
8476881,Tomas Hertl,20132014,SJS,15,10,25,11,3,3,3,0,98,805,0,0,4,15.328378378378378,37,0.6756756756756757,0.40540540540540543,0.2702702702702703,2.6486486486486487,C,111,51,1.614418117442092
8478483,Mitchell Marner,20162017,TOR,19,42,61,0,4,21,5,0,176,1690,0,0,38,16.498484848484846,77,0.7922077922077922,0.24675324675324675,0.5454545454545454,2.2857142857142856,RW,95,40,1.5977921941856588
8476456,Jonathan Huberdeau,20122013,FLA,14,17,31,-15,2,9,1,0,112,1040,0,0,18,16.927430555555556,48,0.6458333333333334,0.2916666666666667,0.3541666666666667,2.3333333333333335,C,36,15,1.5370702307668085
8480801,Brady Tkachuk,20182019,OTT,22,23,45,-10,4,10,3,1,214,1442,0,0,75,16.02488262910798,71,0.6338028169014085,0.30985915492957744,0.323943661971831,3.0140845070422535,LW,64,29,1.5112432989317741
8476454,Ryan Nugent,20112012,EDM,18,34,52,-2,3,23,2,0,134,1301,0,0,16,17.605645161290322,62,0.8387096774193549,0.2903225806451613,0.5483870967741935,2.161290322580645,C,74,32,1.4953579718913155
8475848,Brendan Gallagher,20122013,MTL,15,13,28,10,3,4,3,0,117,855,0,0,33,13.862878787878788,44,0.6363636363636364,0.3409090909090909,0.29545454545454547,2.659090909090909,RW,63,29,1.4604440369866758
8475784,Jeff Skinner,20102011,CAR,31,32,63,3,6,18,2,0,215,1818,0,0,46,16.73150406504065,82,0.7682926829268293,0.3780487804878049,0.3902439024390244,2.6219512195121952,LW,91,40,1.4494874769910053
8482093,Seth Jarvis,20212022,CAR,17,23,40,11,2,6,4,1,110,1237,0,0,18,13.875,68,0.5882352941176471,0.25,0.3382352941176471,1.6176470588235294,C,116,54,1.3517132441358977
8474141,Patrick Kane,20072008,CHI,21,51,72,-5,7,28,4,1,191,1838,0,0,52,17.78028455284553,82,0.8780487804878049,0.25609756097560976,0.6219512195121951,2.3292682926829267,RW,88,40,1.301967076924133
8471215,Evgeni Malkin,20062007,PIT,33,52,85,2,16,40,6,1,242,1744,0,0,80,18.23589743589744,78,1.0897435897435896,0.4230769230769231,0.6666666666666666,3.1025641025641026,C,105,47,1.2619126739982711
8475168,Matt Duchene,20092010,COL,24,31,55,1,10,21,2,0,180,1879,1,1,16,17.43662551440329,81,0.6790123456790124,0.2962962962962963,0.38271604938271603,2.2222222222222223,C,95,43,1.2452283195006228
8481624,Ilya Mikheyev,20192020,TOR,8,15,23,7,0,0,1,0,98,852,1,1,4,15.576068376068378,39,0.5897435897435898,0.20512820512820512,0.38461538461538464,2.5128205128205128,RW,81,36,1.233848317548118
8479514,Rem Pitlick,20212022,MTL,9,17,26,-9,0,1,0,0,52,953,1,1,12,17.280434782608694,46,0.5652173913043478,0.1956521739130435,0.3695652173913043,1.1304347826086956,C,55,22,1.2319779119567345
8477956,David Pastrnak,20142015,BOS,10,17,27,12,2,3,3,1,93,849,0,0,8,13.973188405797101,46,0.5869565217391305,0.21739130434782608,0.3695652173913043,2.0217391304347827,RW,96,41,1.225125789384572
8480018,Nick Suzuki,20192020,MTL,13,28,41,-15,6,14,1,0,138,1416,0,0,6,15.989671361502348,71,0.5774647887323944,0.18309859154929578,0.39436619718309857,1.943661971830986,C,71,31,1.159485247135678
8473563,Nicklas Backstrom,20072008,WSH,14,55,69,13,3,25,4,1,153,1637,0,0,24,18.700203252032523,82,0.8414634146341463,0.17073170731707318,0.6707317073170732,1.8658536585365855,C,94,43,1.1551888436332036
8479337,Alex DeBrincat,20172018,CHI,28,24,52,6,6,12,1,0,181,1564,0,0,6,14.802032520325204,82,0.6341463414634146,0.34146341463414637,0.2926829268292683,2.207317073170732,RW,76,33,1.1294239909263626
8480002,Nico Hischier,20172018,NJD,20,32,52,10,1,6,2,0,180,1778,0,0,26,16.309349593495934,82,0.6341463414634146,0.24390243902439024,0.3902439024390244,2.1951219512195124,C,97,44,1.1294239909263626
8480064,Josh Norris,20202021,OTT,17,18,35,-12,6,14,2,1,96,1248,0,0,13,16.46845238095238,56,0.625,0.30357142857142855,0.32142857142857145,1.7142857142857142,C,51,23,1.1269020975331188
8478403,Jack Eichel,20152016,BUF,24,32,56,-16,8,21,5,1,238,1796,0,0,22,19.121604938271602,81,0.691358024691358,0.2962962962962963,0.3950617283950617,2.9382716049382718,C,81,35,1.126162245220615
8475763,Kevin Hayes,20142015,NYR,17,28,45,15,1,5,1,0,111,1485,1,1,22,13.040928270042194,79,0.569620253164557,0.21518987341772153,0.35443037974683544,1.4050632911392404,RW,113,53,1.1208354834417211
8482149,Cole Perfetti,20222023,WPG,8,22,30,10,1,5,0,0,90,982,0,0,16,14.969281045751636,51,0.5882352941176471,0.1568627450980392,0.43137254901960786,1.7647058823529411,C,95,46,1.1086613936678205
8475166,John Tavares,20092010,NYI,24,30,54,-15,11,25,2,0,186,1706,0,0,22,17.714227642276423,82,0.6585365853658537,0.2926829268292683,0.36585365853658536,2.268292682926829,C,79,34,1.1026383198677485
8480039,Martin Necas,20192020,CAR,16,20,36,-6,5,9,3,0,88,1183,0,0,20,14.166927083333333,64,0.5625,0.25,0.3125,1.375,C,81,38,1.068855255070517
8482074,Connor Zary,20232024,CGY,9,13,22,13,1,3,1,0,46,714,0,0,10,15.444594594594596,37,0.5945945945945946,0.24324324324324326,0.35135135135135137,1.2432432432432432,C,49,22,1.067305756446986
8476438,Brandon Saad,20122013,CHI,10,17,27,17,0,3,2,0,98,1021,1,1,12,16.461231884057973,46,0.5869565217391305,0.21739130434782608,0.3695652173913043,2.130434782608696,LW,77,36,1.060655199872943
8478498,Jake DeBrusk,20172018,BOS,16,27,43,13,2,9,5,0,143,1272,0,0,19,14.371190476190476,70,0.6142857142857143,0.22857142857142856,0.38571428571428573,2.0428571428571427,LW,112,50,1.0407913942494604
8482079,Marco Rossi,20232024,MIN,13,15,28,2,1,3,2,1,89,857,0,0,37,16.707291666666666,48,0.5833333333333334,0.2708333333333333,0.3125,1.8541666666666667,C,47,21,1.0002282854630393
8482110,Dawson Mercer,20212022,NJD,17,25,42,-25,2,5,2,0,154,1766,1,2,28,16.541260162601628,82,0.5121951219512195,0.2073170731707317,0.3048780487804878,1.8780487804878048,C,63,27,0.9561648161510747
8481716,Dmitri Voronkov,20232024,CBJ,10,13,23,5,2,3,0,0,66,736,0,0,27,13.295833333333334,40,0.575,0.25,0.325,1.65,LW,40,15,0.9505909569349182
8474641,Adam Henrique,20112012,NJD,16,35,51,8,0,8,3,1,130,1757,4,7,7,17.83581081081081,74,0.6891891891891891,0.21621621621621623,0.47297297297297297,1.7567567567567568,C,102,48,0.9418222218112383
8477503,Max Domi,20152016,ARI,18,34,52,3,3,15,0,0,156,1751,0,1,72,16.374279835390947,81,0.6419753086419753,0.2222222222222222,0.41975308641975306,1.9259259259259258,C,78,35,0.9235882784300647
8471214,Alex Ovechkin,20052006,WSH,52,54,106,2,21,52,5,2,425,1959,3,3,52,15.99218106995885,81,1.308641975308642,0.6419753086419753,0.6666666666666666,5.246913580246914,LW,70,29,0.9166652433704892
8479400,Pierre Dubois,20172018,CBJ,20,28,48,8,6,15,4,1,165,1727,0,0,49,16.049186991869917,82,0.5853658536585366,0.24390243902439024,0.34146341463414637,2.0121951219512195,C,97,45,0.911729893825199
8479314,Matthew Tkachuk,20162017,CGY,13,35,48,14,3,13,2,0,142,1468,0,0,105,14.660964912280702,76,0.631578947368421,0.17105263157894737,0.4605263157894737,1.868421052631579,LW,94,45,0.8597524847447029
8471698,T Oshie,20082009,STL,14,25,39,16,6,13,1,0,101,1332,1,4,30,16.58187134502924,57,0.6842105263157895,0.24561403508771928,0.43859649122807015,1.7719298245614035,RW,92,41,0.8300945551265856
8471675,Sidney Crosby,20052006,PIT,39,63,102,-1,16,47,5,3,278,1957,0,2,110,18.645267489711934,81,1.2592592592592593,0.48148148148148145,0.7777777777777778,3.432098765432099,C,58,22,0.8102612975148138
8475791,Taylor Hall,20102011,EDM,22,20,42,-9,8,11,4,1,186,1446,0,0,27,18.20974358974359,65,0.6461538461538462,0.3384615384615385,0.3076923076923077,2.8615384615384616,LW,62,25,0.8040619348287381
8476460,Mark Scheifele,20132014,WPG,13,21,34,9,1,4,2,1,100,1254,0,0,14,16.358201058201058,63,0.5396825396825397,0.20634920634920634,0.3333333333333333,1.5873015873015872,C,84,37,0.7775720783620321
8481068,Yegor Sharangovich,20202021,NJD,16,14,30,-4,2,2,3,1,114,1200,1,1,4,16.807407407407407,54,0.5555555555555556,0.2962962962962963,0.25925925925925924,2.111111111111111,C,45,19,0.7753785103015863
8484166,Adam Fantilli,20232024,CBJ,11,14,25,-19,1,2,1,0,110,852,0,0,16,15.888768115942028,46,0.5434782608695652,0.2391304347826087,0.30434782608695654,2.391304347826087,C,40,15,0.7628323664155054
8480009,Eeli Tolvanen,20202021,NSH,11,11,22,-10,6,12,4,1,65,731,0,0,4,14.807083333333333,40,0.55,0.275,0.275,1.625,RW,64,31,0.7472566233230639
8482116,Tim Stützle,20202021,OTT,12,17,29,-18,4,9,2,0,111,1012,0,0,14,15.739622641509435,53,0.5471698113207547,0.22641509433962265,0.32075471698113206,2.0943396226415096,C,51,23,0.7329303790132502
8477021,Alex Kerfoot,20172018,COL,19,24,43,-7,5,17,0,0,81,1398,0,0,28,13.441772151898736,79,0.5443037974683544,0.24050632911392406,0.3037974683544304,1.0253164556962024,C,95,43,0.728481065252701
8477511,Anthony Mantha,20162017,DET,17,19,36,10,1,3,3,2,133,1210,0,0,53,15.901666666666667,60,0.6,0.2833333333333333,0.31666666666666665,2.216666666666667,RW,79,33,0.7146570184631194
8481618,Alex Newhook,20212022,COL,13,20,33,11,3,6,5,0,113,1262,0,0,12,13.56431924882629,71,0.4647887323943662,0.18309859154929578,0.28169014084507044,1.591549295774648,C,119,56,0.7095646003518733
8478427,Sebastian Aho,20162017,CAR,24,25,49,-1,6,17,4,1,214,1814,1,2,26,16.786788617886177,82,0.5975609756097561,0.2926829268292683,0.3048780487804878,2.6097560975609757,C,87,36,0.7034504580592572
8474586,Jordan Eberle,20102011,EDM,18,25,43,-12,4,11,5,0,158,1562,2,2,22,17.683091787439615,69,0.6231884057971014,0.2608695652173913,0.36231884057971014,2.289855072463768,RW,62,25,0.682704288195854
8481522,Peyton Krebs,20212022,BUF,7,15,22,-20,0,10,2,0,46,903,0,0,20,14.745486111111111,48,0.4583333333333333,0.14583333333333334,0.3125,0.9583333333333334,C,75,32,0.675984679661825
8482740,Wyatt Johnston,20222023,DAL,24,17,41,6,3,7,3,0,160,1636,0,0,20,15.481707317073171,82,0.5,0.2926829268292683,0.2073170731707317,1.951219512195122,C,108,47,0.6717537244878868
8478010,Brayden Point,20162017,TBL,18,22,40,4,5,12,2,0,122,1417,0,0,14,16.778921568627453,68,0.5882352941176471,0.2647058823529412,0.3235294117647059,1.7941176470588236,C,94,42,0.6606018447503728
8482097,Jack Quinn,20222023,BUF,14,23,37,-7,1,6,2,0,126,1346,0,1,15,13.847111111111111,75,0.49333333333333335,0.18666666666666668,0.30666666666666664,1.68,RW,91,42,0.6387429228165142
8476919,Chris Tierney,20142015,SJS,6,15,21,3,1,4,1,0,48,765,0,0,6,12.247674418604651,43,0.4883720930232558,0.13953488372093023,0.3488372093023256,1.1162790697674418,C,89,40,0.6320685125113283
8478542,Evan Rodrigues,20172018,BUF,7,18,25,-10,1,6,0,0,91,889,0,0,14,13.929166666666667,48,0.5208333333333334,0.14583333333333334,0.375,1.8958333333333333,C,62,25,0.6237387445351186
8477946,Dylan Larkin,20152016,DET,23,22,45,11,4,5,5,0,221,1755,0,0,34,16.544166666666666,80,0.5625,0.2875,0.275,2.7625,C,93,41,0.5975708006265232
8473512,Claude Giroux,20082009,PHI,9,18,27,10,2,6,0,0,67,808,0,0,14,15.15952380952381,42,0.6428571428571429,0.21428571428571427,0.42857142857142855,1.5952380952380953,RW,99,44,0.5756907883533331
8483431,Logan Cooley,20232024,ARI,5,19,24,-11,2,10,1,0,75,882,0,0,14,16.139716312056738,47,0.5106382978723404,0.10638297872340426,0.40425531914893614,1.5957446808510638,C,49,23,0.5672218025581567
8480023,Robert Thomas,20182019,STL,9,24,33,-2,3,7,0,0,80,1181,0,0,14,13.072619047619048,70,0.4714285714285714,0.12857142857142856,0.34285714285714286,1.1428571428571428,C,99,45,0.5507996727677071
8482125,Alexander Holtz,20232024,NJD,12,11,23,-4,1,2,2,0,79,762,0,0,8,12.043115942028987,46,0.5,0.2608695652173913,0.2391304347826087,1.7173913043478262,RW,51,24,0.5038550001818327
8481577,Philip Tomasino,20212022,NSH,11,21,32,2,3,9,3,0,111,1123,0,0,10,11.53640350877193,76,0.42105263157894735,0.14473684210526316,0.27631578947368424,1.4605263157894737,C,97,45,0.4820566209398716
8474715,Cam Atkinson,20122013,CBJ,9,9,18,9,1,2,1,0,91,738,0,0,4,15.586190476190476,35,0.5142857142857142,0.2571428571428571,0.2571428571428571,2.6,RW,55,24,0.4726229331696565
8477940,Nikolaj Ehlers,20152016,WPG,15,23,38,3,4,11,0,0,167,1531,0,0,21,16.100925925925925,72,0.5277777777777778,0.20833333333333334,0.3194444444444444,2.3194444444444446,LW,78,35,0.45513598022691776
8476458,Ryan Strome,20132014,NYI,7,11,18,-1,4,7,1,0,89,703,0,0,8,15.18918918918919,37,0.4864864864864865,0.1891891891891892,0.2972972972972973,2.4054054054054053,C,79,34,0.4502253627597378
8480459,Pius Suter,20202021,CHI,14,13,27,-5,1,3,3,1,112,1073,0,0,14,16.333636363636366,55,0.4909090909090909,0.2545454545454545,0.23636363636363636,2.036363636363636,C,55,24,0.44814200727877773
8480008,Adam Ruzicka,20222023,CGY,6,14,20,-1,2,6,2,0,64,731,0,0,8,11.575757575757576,44,0.45454545454545453,0.13636363636363635,0.3181818181818182,1.4545454545454546,C,93,38,0.4466800767285271
8477494,Jonathan Drouin,20142015,TBL,4,28,32,3,3,6,0,0,76,1170,0,0,34,13.23642857142857,70,0.45714285714285713,0.05714285714285714,0.4,1.0857142857142856,LW,108,50,0.4442018703721414
8480830,Andrei Svechnikov,20182019,CAR,20,17,37,0,0,5,3,1,189,1685,0,0,62,14.646747967479675,82,0.45121951219512196,0.24390243902439024,0.2073170731707317,2.3048780487804876,RW,99,46,0.4312630918584793
8479407,Jesper Bratt,20172018,NJD,13,22,35,-16,4,12,2,0,100,1516,1,2,18,15.25135135135135,74,0.47297297297297297,0.17567567567567569,0.2972972972972973,1.3513513513513513,LW,97,44,0.4101509268556267
8481535,Nils Hoglander,20202021,VAN,13,14,27,-4,1,1,1,0,118,1197,0,0,16,15.442559523809523,56,0.48214285714285715,0.23214285714285715,0.25,2.107142857142857,LW,50,23,0.4037678609425376
8477952,Robby Fabbri,20152016,STL,18,19,37,-2,2,8,3,0,114,1370,0,0,25,13.315046296296297,72,0.5138888888888888,0.25,0.2638888888888889,1.5833333333333333,C,107,49,0.3981620520670753
8480188,Fabian Zetterlund,20222023,NJD,6,14,20,4,1,3,1,1,81,780,0,0,6,12.953703703703702,45,0.4444444444444444,0.13333333333333333,0.3111111111111111,1.8,LW,112,52,0.3966637105597805
8480789,Oliver Wahlstrom,20202021,NYI,12,9,21,2,4,10,1,0,94,730,0,0,21,12.38598484848485,44,0.4772727272727273,0.2727272727272727,0.20454545454545456,2.1363636363636362,RW,71,32,0.37911555742240416
8475151,Kyle Palmieri,20122013,ANA,10,11,21,2,2,3,5,0,92,673,0,0,9,12.326984126984128,42,0.5,0.23809523809523808,0.2619047619047619,2.1904761904761907,C,66,30,0.3570268465527717
8473986,Alex Killorn,20122013,TBL,7,12,19,-6,1,3,2,0,82,792,0,0,14,16.818859649122807,38,0.5,0.18421052631578946,0.3157894736842105,2.1578947368421053,LW,40,18,0.3570268465527717
8475765,Vladimir Tarasenko,20122013,STL,8,11,19,1,3,5,1,0,75,778,0,0,10,13.410087719298245,38,0.5,0.21052631578947367,0.2894736842105263,1.9736842105263157,RW,60,29,0.3570268465527717
8476389,Vincent Trocheck,20142015,FLA,7,15,22,9,1,1,0,0,89,859,0,0,24,14.005333333333333,50,0.44,0.14,0.3,1.78,C,91,38,0.34107507532552395
8481058,Jesse Ylönen,20222023,MTL,6,10,16,-11,1,1,1,0,43,623,0,0,0,13.446846846846848,37,0.43243243243243246,0.16216216216216217,0.2702702702702703,1.162162162162162,RW,68,31,0.33718478862937934
8474034,Pat Maroon,20132014,ANA,11,18,29,11,1,4,3,0,93,971,0,0,101,12.312903225806451,62,0.46774193548387094,0.1774193548387097,0.2903225806451613,1.5,LW,116,54,0.334879076005495
8475726,Tyler Toffoli,20132014,LAK,12,17,29,21,1,4,5,0,124,1100,0,0,10,12.937903225806451,62,0.46774193548387094,0.1935483870967742,0.27419354838709675,2,C,100,46,0.334879076005495
8482705,Cole Sillinger,20212022,CBJ,16,15,31,-22,0,2,3,0,148,1475,0,0,37,13.700632911392404,79,0.3924050632911392,0.20253164556962025,0.189873417721519,1.8734177215189873,C,81,37,0.33303669793089485
8476278,Colin Blackwell,20202021,NYR,12,10,22,2,3,5,2,0,64,902,0,0,15,14.006382978723403,47,0.46808510638297873,0.2553191489361702,0.2127659574468085,1.3617021276595744,C,60,27,0.3326083748950601
8471685,Anze Kopitar,20062007,LAK,20,41,61,-12,7,29,1,0,193,1895,2,2,24,19.203935185185188,72,0.8472222222222222,0.2777777777777778,0.5694444444444444,2.6805555555555554,C,68,27,0.31646282346265686
8473449,Kyle Okposo,20082009,NYI,18,21,39,-6,9,13,3,1,165,1388,0,1,36,17.271538461538462,65,0.6,0.27692307692307694,0.3230769230769231,2.5384615384615383,RW,61,26,0.31203597551559814
8480829,Jesperi Kotkaniemi,20182019,MTL,11,23,34,1,1,5,2,0,134,1452,0,0,26,13.741561181434598,79,0.43037974683544306,0.13924050632911392,0.2911392405063291,1.6962025316455696,C,96,44,0.3079958843516914
8479542,Brandon Hagel,20202021,CHI,9,15,24,-7,0,3,2,2,91,949,0,1,11,13.988782051282051,52,0.46153846153846156,0.17307692307692307,0.28846153846153844,1.75,LW,55,24,0.29946965374197304
8480893,Kirill Marchenko,20222023,CBJ,21,4,25,-23,7,8,1,1,131,1118,0,0,16,16.189265536723163,59,0.423728813559322,0.3559322033898305,0.06779661016949153,2.2203389830508473,RW,59,25,0.2940877731628595
8475692,Mats Zuccarello,20102011,NYR,6,17,23,3,0,9,2,1,74,709,0,0,4,14.172222222222222,42,0.5476190476190477,0.14285714285714285,0.40476190476190477,1.7619047619047619,RW,93,44,0.2833686201840417
8474040,Sam Gagner,20072008,EDM,13,36,49,-21,4,16,1,0,135,1437,0,0,23,15.677426160337552,79,0.620253164556962,0.16455696202531644,0.45569620253164556,1.7088607594936709,C,88,41,0.26770695204712075
8482175,JJ Peterka,20222023,BUF,12,20,32,-15,2,5,1,0,125,1318,0,0,26,13.647186147186146,77,0.4155844155844156,0.15584415584415584,0.2597402597402597,1.6233766233766234,RW,91,42,0.25375980722050473
8477497,Sean Monahan,20132014,CGY,22,12,34,-20,3,7,2,1,140,1695,0,0,8,15.977999999999998,75,0.4533333333333333,0.29333333333333333,0.16,1.8666666666666667,C,77,35,0.24621444193921063
8475225,Craig Smith,20112012,NSH,14,22,36,-9,6,13,1,0,172,1343,0,0,30,14.1875,72,0.5,0.19444444444444445,0.3055555555555556,2.388888888888889,C,104,48,0.24143004824052908
8479619,Michael Carcone,20232024,ARI,15,5,20,1,1,2,2,0,63,689,1,1,18,11.285984848484848,44,0.45454545454545453,0.3409090909090909,0.11363636363636363,1.4318181818181819,LW,49,23,0.23310593548299277
8477935,Sam Bennett,20152016,CGY,18,18,36,-11,3,8,2,0,136,1642,0,0,37,15.146103896103897,77,0.4675324675324675,0.23376623376623376,0.23376623376623376,1.7662337662337662,C,77,35,0.2080023178192903
8474564,Steven Stamkos,20082009,TBL,23,23,46,-13,9,17,1,0,181,1499,0,0,39,14.327215189873417,79,0.5822784810126582,0.2911392405063291,0.2911392405063291,2.2911392405063293,C,66,24,0.20301415417341262
8477402,Pavel Buchnevich,20162017,NYR,8,12,20,6,1,3,0,0,55,773,0,0,13,13.258536585365855,41,0.4878048780487805,0.1951219512195122,0.2926829268292683,1.3414634146341464,LW,102,48,0.19915523988546066
8477493,Aleksander Barkov,20132014,FLA,8,16,24,-3,3,6,1,0,87,1229,0,0,10,17.096604938271607,54,0.4444444444444444,0.14814814814814814,0.2962962962962963,1.6111111111111112,C,66,29,0.1915158617192143
8477444,Andre Burakovsky,20142015,WSH,9,13,22,12,2,3,2,0,65,875,0,0,10,12.920754716981131,53,0.41509433962264153,0.16981132075471697,0.24528301886792453,1.2264150943396226,LW,101,45,0.1912493542200608
8482146,Luke Evangelista,20232024,NSH,9,12,21,-2,1,4,0,0,88,785,0,0,14,13.675886524822694,47,0.44680851063829785,0.19148936170212766,0.2553191489361702,1.872340425531915,RW,54,26,0.1870209883002115
8477979,Nicolas Aube,20192020,PHI,7,8,15,1,2,3,1,0,48,615,0,0,19,11.289814814814815,36,0.4166666666666667,0.19444444444444445,0.2222222222222222,1.3333333333333333,RW,89,41,0.18565709710218206
8476459,Mika Zibanejad,20122013,OTT,7,13,20,9,3,4,0,0,90,812,0,0,6,13.56626984126984,42,0.47619047619047616,0.16666666666666666,0.30952380952380953,2.142857142857143,C,56,25,0.16436670219129618
8480014,Gabriel Vilardi,20202021,LAK,10,13,23,-8,3,4,3,0,65,1083,0,0,6,14.751543209876544,54,0.42592592592592593,0.18518518518518517,0.24074074074074073,1.2037037037037037,C,49,21,0.1192011474693921
8480797,Joel Farabee,20192020,PHI,8,13,21,6,1,2,1,0,81,1013,0,0,39,14.105448717948718,52,0.40384615384615385,0.15384615384615385,0.25,1.5576923076923077,LW,89,41,0.10801330299507562
8477947,Sonny Milano,20172018,CBJ,14,8,22,-8,0,4,3,1,69,871,0,0,10,11.64969696969697,55,0.4,0.2545454545454545,0.14545454545454545,1.2545454545454546,LW,97,45,0.08449232484077826
8477951,Nick Schmaltz,20162017,CHI,6,22,28,10,0,2,0,0,66,1070,0,0,6,13.26120218579235,61,0.45901639344262296,0.09836065573770492,0.36065573770491804,1.0819672131147542,C,109,50,0.06688108429889114
8481560,Arthur Kaliyev,20212022,LAK,14,13,27,-3,6,9,2,0,194,1355,0,0,37,12.649166666666666,80,0.3375,0.175,0.1625,2.425,RW,99,44,0.047429618745376524
8471218,Blake Wheeler,20082009,BOS,21,24,45,36,3,5,3,0,150,1460,2,3,46,13.691358024691358,81,0.5555555555555556,0.25925925925925924,0.2962962962962963,1.8518518518518519,RW,116,53,0.038616169609799626
8477846,Ryan Carpenter,20172018,VGK,9,5,14,0,0,0,2,0,65,600,1,1,9,13.135648148148148,36,0.3888888888888889,0.25,0.1388888888888889,1.8055555555555556,C,109,51,0.034906447167735416
8478856,Conor Garland,20182019,ARI,13,5,18,1,4,6,2,0,118,810,0,0,12,12.790070921985816,47,0.3829787234042553,0.2765957446808511,0.10638297872340426,2.5106382978723403,RW,86,39,0.027618841209380327
8478449,Roope Hintz,20182019,DAL,9,13,22,-11,3,6,3,1,99,1270,0,0,24,14.056321839080459,58,0.3793103448275862,0.15517241379310345,0.22413793103448276,1.706896551724138,C,93,43,0.0059203827373557685
8473994,Jamie Benn,20092010,DAL,22,19,41,-1,2,7,3,0,182,1716,0,0,45,14.704065040650407,82,0.5,0.2682926829268293,0.23170731707317074,2.2195121951219514,LW,88,37,-0.0013857214073744169
8476329,Travis Boyd,20182019,WSH,5,15,20,6,0,2,1,0,35,695,0,0,6,9.828301886792453,53,0.37735849056603776,0.09433962264150944,0.2830188679245283,0.660377358490566,C,104,48,-0.005624834789268292
8476858,Phillip Di,20152016,CAR,7,10,17,0,0,0,1,1,68,789,0,0,18,14.266260162601625,41,0.4146341463414634,0.17073170731707318,0.24390243902439024,1.6585365853658536,LW,86,35,-0.00899309307521181
8480015,Owen Tippett,20202021,FLA,7,11,18,-5,2,3,2,0,86,683,0,0,6,11.48111111111111,45,0.4,0.15555555555555556,0.24444444444444444,1.9111111111111112,RW,79,37,-0.012034325097046635
8476871,Tanner Pearson,20142015,LAK,12,4,16,14,1,1,3,0,68,753,0,0,14,13.292063492063491,42,0.38095238095238093,0.2857142857142857,0.09523809523809523,1.619047619047619,LW,95,40,-0.01413944094615887
8471699,Andrew Cogliano,20072008,EDM,18,27,45,1,1,7,5,3,98,1462,2,3,20,13.6619918699187,82,0.5487804878048781,0.21951219512195122,0.32926829268292684,1.1951219512195121,C,88,41,-0.019037022694230212
8478472,Mathieu Joseph,20182019,TBL,13,13,26,5,0,0,1,0,95,1146,0,2,26,11.358571428571429,70,0.37142857142857144,0.18571428571428572,0.18571428571428572,1.3571428571428572,RW,128,62,-0.04070030517967945
8478585,Derek Ryan,20162017,CAR,11,18,29,-8,4,8,3,0,73,1369,1,1,22,14.891542288557215,67,0.43283582089552236,0.16417910447761194,0.26865671641791045,1.0895522388059702,C,87,36,-0.05341052444038781
8480995,Pontus Holmberg,20222023,TOR,5,8,13,0,1,1,2,0,27,524,0,0,18,10.419819819819821,37,0.35135135135135137,0.13513513513513514,0.21621621621621623,0.7297297297297297,RW,111,50,-0.06429793440082984
8476432,Boone Jenner,20132014,CBJ,16,13,29,6,4,7,5,0,127,1336,0,0,45,14.07939814814815,72,0.4027777777777778,0.2222222222222222,0.18055555555555555,1.7638888888888888,C,93,43,-0.06488373306201829
8482667,William Eklund,20232024,SJS,8,11,19,-22,4,6,4,1,77,989,0,1,20,18.302836879432625,47,0.40425531914893614,0.1702127659574468,0.23404255319148937,1.6382978723404256,LW,30,13,-0.06644622120508543
8476480,Vladislav Namestnikov,20142015,TBL,9,7,16,1,1,2,3,0,46,697,0,0,13,11.995348837209301,43,0.37209302325581395,0.20930232558139536,0.16279069767441862,1.069767441860465,C,108,50,-0.0674349422622402
8476539,Jonathan Marchessault,20152016,TBL,7,11,18,-10,4,7,1,0,81,694,0,0,17,12.08925925925926,45,0.4,0.15555555555555556,0.24444444444444444,1.8,RW,97,46,-0.06902415884363076
8477406,Mattias Janmark,20152016,DAL,15,14,29,12,0,1,3,1,108,1437,1,1,16,14.172831050228309,73,0.3972602739726027,0.2054794520547945,0.1917808219178082,1.4794520547945205,C,109,50,-0.08026285152173682
8479941,Justin Danforth,20212022,CBJ,10,4,14,-5,0,1,1,0,72,792,0,0,10,12.571111111111112,45,0.3111111111111111,0.2222222222222222,0.08888888888888889,1.6,RW,81,37,-0.08984102674212384
8477500,Bo Horvat,20142015,VAN,13,12,25,-8,0,0,1,0,93,1245,1,1,16,12.263725490196078,68,0.36764705882352944,0.19117647058823528,0.17647058823529413,1.3676470588235294,C,101,48,-0.09418066259181763
8477989,Christian Dvorak,20162017,ARI,15,18,33,7,2,5,1,0,88,1533,0,0,22,15.616666666666665,78,0.4230769230769231,0.19230769230769232,0.23076923076923078,1.1282051282051282,C,70,30,-0.09824963237088091
8474149,Evgenii Dadonov,20102011,FLA,8,9,17,0,1,1,0,0,60,686,0,0,14,14.254166666666666,36,0.4722222222222222,0.2222222222222222,0.25,1.6666666666666667,RW,72,30,-0.11505532255833796
8482109,Alexis Lafrenière,20202021,NYR,12,9,21,-7,0,0,4,1,67,1020,0,0,8,13.882440476190476,56,0.375,0.21428571428571427,0.16071428571428573,1.1964285714285714,LW,60,27,-0.13858281650039847
8480074,Alexandre Texier,20192020,CBJ,6,7,13,3,0,1,1,1,49,599,0,0,10,12.748148148148148,36,0.3611111111111111,0.16666666666666666,0.19444444444444445,1.3611111111111112,C,81,33,-0.15079934402861236
8476960,Andreas Athanasiou,20152016,DET,9,5,14,1,0,0,1,0,53,518,1,1,5,9.017567567567568,37,0.3783783783783784,0.24324324324324326,0.13513513513513514,1.4324324324324325,C,93,41,-0.15771870646543923
8481523,Kirby Dach,20192020,CHI,8,15,23,-1,0,3,2,0,101,1103,0,0,24,14.265625,64,0.359375,0.125,0.234375,1.578125,C,72,32,-0.16131360781394966
8480802,Ryan McLeod,20212022,EDM,9,12,21,-2,2,5,1,0,82,1239,0,0,12,12.760093896713615,71,0.29577464788732394,0.1267605633802817,0.16901408450704225,1.1549295774647887,C,104,49,-0.1696187777148446
8482720,Matthew Knies,20232024,TOR,8,9,17,2,0,2,1,0,56,804,0,0,21,14.259090909090908,44,0.38636363636363635,0.18181818181818182,0.20454545454545456,1.2727272727272727,LW,58,25,-0.173017661565267
8480205,Emil Bemstrom,20192020,CBJ,10,10,20,-10,5,8,4,1,97,907,0,0,8,12.268749999999999,56,0.35714285714285715,0.17857142857142858,0.17857142857142858,1.7321428571428572,RW,81,33,-0.17483194696652618
8479353,Brett Howden,20182019,NYR,6,17,23,-16,0,2,1,0,74,1322,0,0,14,14.938636363636364,66,0.3484848484848485,0.09090909090909091,0.25757575757575757,1.121212121212121,C,78,32,-0.1764124213321101
8481032,Paul Cotter,20222023,VGK,13,5,18,-5,0,0,1,0,76,864,0,0,15,12.826969696969698,55,0.32727272727272727,0.23636363636363636,0.09090909090909091,1.3818181818181818,C,111,51,-0.18352613699767995
8479316,Luke Kunin,20182019,MIN,6,11,17,-9,0,1,1,0,88,1014,0,0,27,15.885374149659864,49,0.3469387755102041,0.12244897959183673,0.22448979591836735,1.7959183673469388,C,83,37,-0.18555744263618243
8480448,Parker Kelly,20212022,OTT,7,5,12,-4,0,0,0,0,48,669,0,0,60,10.575609756097561,41,0.2926829268292683,0.17073170731707318,0.12195121951219512,1.170731707317073,LW,73,33,-0.1857014004843578
8481481,Blake Lizotte,20192020,LAK,6,17,23,-4,2,3,0,0,87,1326,2,3,20,13.959999999999999,65,0.35384615384615387,0.09230769230769231,0.26153846153846155,1.3384615384615384,C,64,29,-0.19479749402263916
8480028,Morgan Frost,20212022,PHI,5,11,16,-11,1,2,0,0,85,1073,0,0,14,13.922424242424242,55,0.2909090909090909,0.09090909090909091,0.2,1.5454545454545454,C,61,25,-0.19492860223494712
8478439,Travis Konecny,20162017,PHI,11,17,28,-2,3,4,0,0,133,1330,0,0,49,14.09047619047619,70,0.4,0.15714285714285714,0.24285714285714285,1.9,RW,88,39,-0.2042809346535765
8480113,Alex Iafallo,20172018,LAK,9,16,25,10,0,2,1,0,129,1487,0,0,12,15.103555555555555,75,0.3333333333333333,0.12,0.21333333333333335,1.72,LW,98,45,-0.2130229411974786
8484145,Zach Benson,20232024,BUF,4,10,14,-4,0,0,1,0,57,683,0,0,20,14.97972972972973,37,0.3783783783783784,0.10810810810810811,0.2702702702702703,1.5405405405405406,LW,48,22,-0.22058168644479273
8481554,Kaapo Kakko,20192020,NYR,10,13,23,-26,2,13,3,1,109,1179,0,0,14,14.27878787878788,66,0.3484848484848485,0.15151515151515152,0.19696969696969696,1.6515151515151516,RW,79,37,-0.22726671701288362
8482159,Tyson Foerster,20232024,PHI,7,11,18,2,3,6,0,0,101,1054,0,0,22,17.037152777777777,48,0.375,0.14583333333333334,0.22916666666666666,2.1041666666666665,RW,56,25,-0.2407049277399769
8481559,Jack Hughes,20192020,NJD,7,14,21,-26,4,9,2,1,123,1104,0,0,10,15.865300546448086,61,0.3442622950819672,0.11475409836065574,0.22950819672131148,2.0163934426229506,C,68,28,-0.2528394122404106
8477476,Artturi Lehkonen,20162017,MTL,18,10,28,-1,2,4,3,0,158,1488,1,1,8,13.85890410958904,73,0.3835616438356164,0.2465753424657534,0.136986301369863,2.164383561643836,LW,103,47,-0.27981008148508596
8476442,Matt Nieto,20132014,SJS,10,14,24,-4,1,4,2,0,124,1377,0,0,16,14.076767676767677,66,0.36363636363636365,0.15151515151515152,0.21212121212121213,1.878787878787879,LW,111,51,-0.30574395846257035
8476461,Sean Couturier,20112012,PHI,13,14,27,18,0,1,4,0,116,1458,2,2,14,14.13917748917749,77,0.35064935064935066,0.16883116883116883,0.18181818181818182,1.5064935064935066,C,103,47,-0.31147694592336117
8477496,Elias Lindholm,20132014,CAR,9,12,21,-14,4,7,2,0,70,1162,0,0,4,14.525862068965518,58,0.3620689655172414,0.15517241379310345,0.20689655172413793,1.206896551724138,C,83,36,-0.3153890842850619
8481477,Nico Sturm,20202021,MIN,11,6,17,10,0,0,2,0,64,743,0,0,17,10.845666666666666,50,0.34,0.22,0.12,1.28,C,75,35,-0.3157507044650908
8475754,Brock Nelson,20132014,NYI,14,12,26,-10,3,7,1,0,132,1454,0,0,12,14.26226851851852,72,0.3611111111111111,0.19444444444444445,0.16666666666666666,1.8333333333333333,C,79,34,-0.3212833278432512
8481580,Connor McMichael,20212022,WSH,9,9,18,-3,0,0,0,0,105,922,0,0,10,10.468137254901961,68,0.2647058823529412,0.1323529411764706,0.1323529411764706,1.5441176470588236,C,100,44,-0.3312333692712265
8474037,James van,20092010,PHI,15,20,35,-1,4,7,6,0,173,1378,0,0,30,12.960042735042736,78,0.44871794871794873,0.19230769230769232,0.2564102564102564,2.217948717948718,LW,88,41,-0.3585059241078085
8478463,Anthony Beauvillier,20162017,NYI,9,15,24,1,0,1,2,0,101,1135,0,0,10,13.020959595959596,66,0.36363636363636365,0.13636363636363635,0.22727272727272727,1.5303030303030303,LW,94,41,-0.37136056249297583
8478099,Kevin Labanc,20162017,SJS,8,12,20,9,0,2,2,1,70,1055,0,0,22,13.67848484848485,55,0.36363636363636365,0.14545454545454545,0.21818181818181817,1.2727272727272727,RW,99,46,-0.37136056249297583
8475170,Brayden Schenn,20112012,PHI,12,6,18,-7,4,5,3,0,97,1000,0,0,34,14.124382716049384,54,0.3333333333333333,0.2222222222222222,0.1111111111111111,1.7962962962962963,C,103,47,-0.3755821046670007
8478873,Troy Terry,20192020,ANA,4,11,15,-5,0,2,0,0,73,898,0,0,6,14.518439716312058,47,0.3191489361702128,0.0851063829787234,0.23404255319148937,1.553191489361702,RW,67,29,-0.40493133679761645
8482124,Quinton Byfield,20212022,LAK,5,5,10,-7,0,1,1,0,39,682,0,0,20,12.156666666666666,40,0.25,0.125,0.125,0.975,RW,99,44,-0.407730942607914
8476453,Nikita Kucherov,20132014,TBL,9,9,18,3,3,4,3,0,102,918,0,0,14,13.115064102564103,52,0.34615384615384615,0.17307692307692307,0.17307692307692307,1.9615384615384615,RW,101,46,-0.4133242080211297
8479536,Axel Jonsson,20222023,WPG,6,8,14,-1,0,0,2,0,54,754,0,1,8,10.456,50,0.28,0.12,0.16,1.08,LW,95,46,-0.4176027306674139
8481528,Dylan Cozens,20202021,BUF,4,9,13,-15,1,1,0,0,62,755,0,0,16,14.356097560975611,41,0.3170731707317073,0.0975609756097561,0.21951219512195122,1.5121951219512195,C,37,15,-0.4318049307276769
8478115,Pierre Engvall,20192020,TOR,8,7,15,4,0,0,3,0,72,805,1,2,6,11.933680555555556,48,0.3125,0.16666666666666666,0.14583333333333334,1.5,LW,81,36,-0.4451987300180573
8475793,Ryan Johansen,20112012,CBJ,9,12,21,-2,3,4,3,0,99,1151,0,0,24,12.735323383084577,67,0.31343283582089554,0.13432835820895522,0.1791044776119403,1.4776119402985075,C,65,29,-0.44925519755148174
8478020,Michael Amadio,20182019,LAK,6,7,13,-1,0,0,0,0,37,606,0,0,6,10.206201550387597,43,0.3023255813953488,0.13953488372093023,0.16279069767441862,0.8604651162790697,RW,71,31,-0.44944447598717613
8476393,Nick Cousins,20152016,PHI,6,5,11,5,0,2,1,0,41,529,0,0,4,10.731018518518518,36,0.3055555555555556,0.16666666666666666,0.1388888888888889,1.1388888888888888,C,96,41,-0.456446870330558
8478401,Pavel Zacha,20162017,NJD,8,16,24,-17,5,13,2,0,83,1299,0,0,19,14.307857142857141,70,0.34285714285714286,0.11428571428571428,0.22857142857142856,1.1857142857142857,C,70,28,-0.4668346355440612
8474102,David Perron,20072008,STL,13,14,27,16,3,5,1,0,68,1044,0,0,38,12.550268817204302,62,0.43548387096774194,0.20967741935483872,0.22580645161290322,1.096774193548387,LW,79,33,-0.47357606772420485
8479996,Cody Glass,20192020,VGK,5,7,12,-7,1,6,1,0,51,627,0,0,6,13.36025641025641,39,0.3076923076923077,0.1282051282051282,0.1794871794871795,1.3076923076923077,C,86,39,-0.4743151528082221
8475164,Jakob Silfverberg,20122013,OTT,10,9,19,9,2,3,2,0,134,1063,1,1,12,16.228819444444444,48,0.3958333333333333,0.20833333333333334,0.1875,2.7916666666666665,RW,56,25,-0.48586128502868303
8478233,Andrew Mangiapane,20182019,CGY,8,5,13,11,0,0,1,0,65,653,0,0,12,10.543939393939395,44,0.29545454545454547,0.18181818181818182,0.11363636363636363,1.4772727272727273,LW,107,50,-0.4900866520617849
8476918,Jimmy Vesey,20162017,NYR,16,11,27,-13,5,8,6,0,116,1508,0,0,26,13.633750000000001,80,0.3375,0.2,0.1375,1.45,LW,102,48,-0.491449045002544
8476905,Chandler Stephenson,20172018,WSH,6,12,18,13,0,0,0,0,36,1081,0,0,8,11.868905472636817,67,0.26865671641791045,0.08955223880597014,0.1791044776119403,0.5373134328358209,C,105,49,-0.5016571545181753
8479992,Michael Rasmussen,20182019,DET,8,10,18,-8,4,4,0,0,74,1014,0,0,29,12.076075268817204,62,0.2903225806451613,0.12903225806451613,0.16129032258064516,1.1935483870967742,C,74,32,-0.5204422227775599
8480845,Rasmus Kupari,20212022,LAK,5,8,13,-5,1,3,1,0,51,986,1,1,18,11.801754385964912,57,0.22807017543859648,0.08771929824561403,0.14035087719298245,0.8947368421052632,C,99,44,-0.5218062712678866
8480813,Joe Veleno,20212022,DET,8,7,15,-14,0,0,0,0,73,1107,0,0,22,13.21439393939394,66,0.22727272727272727,0.12121212121212122,0.10606060606060606,1.106060606060606,C,74,32,-0.5259544650373401
8479390,Taylor Raddysh,20212022,TBL,5,7,12,5,0,1,1,0,61,838,1,1,8,11.05440251572327,53,0.22641509433962265,0.09433962264150944,0.1320754716981132,1.150943396226415,RW,110,51,-0.5304157300346769
8481789,Tye Kartye,20232024,SEA,8,7,15,0,0,0,0,0,77,748,0,0,29,12.128260869565217,46,0.32608695652173914,0.17391304347826086,0.15217391304347827,1.673913043478261,LW,52,21,-0.5320544647528589
8482475,Yegor Chinakhov,20212022,CBJ,7,7,14,-27,1,1,1,0,98,1057,0,0,16,12.502956989247311,62,0.22580645161290322,0.11290322580645161,0.11290322580645161,1.5806451612903225,RW,81,37,-0.5335817890650449
8483515,Juraj Slafkovsky,20222023,MTL,4,6,10,-13,1,2,0,0,42,572,0,0,33,12.215384615384615,39,0.2564102564102564,0.10256410256410256,0.15384615384615385,1.0769230769230769,LW,68,31,-0.5344101827353485
8477505,Alex Wennberg,20142015,CBJ,4,16,20,-19,1,4,0,0,85,1488,0,0,22,15.624509803921569,68,0.29411764705882354,0.058823529411764705,0.23529411764705882,1.25,C,89,42,-0.5365137295809862
8475287,Erik Haula,20132014,MIN,6,9,15,14,0,0,1,0,56,767,1,1,29,10.146376811594203,46,0.32608695652173914,0.13043478260869565,0.1956521739130435,1.2173913043478262,LW,98,43,-0.5368076249057367
8480798,Philipp Kurashev,20202021,CHI,8,8,16,-9,2,5,1,0,65,884,0,0,12,13.078086419753086,54,0.2962962962962963,0.14814814814814814,0.14814814814814814,1.2037037037037037,C,55,24,-0.5369762153628022
8480011,Klim Kostin,20212022,STL,4,5,9,-3,0,0,1,0,31,501,0,0,23,9.015,40,0.225,0.1,0.125,0.775,C,109,49,-0.5377768172802826
8478042,Viktor Arvidsson,20152016,NSH,8,8,16,-8,1,1,3,0,139,950,0,0,35,12.401190476190477,56,0.2857142857142857,0.14285714285714285,0.14285714285714285,2.482142857142857,RW,96,41,-0.5378381962731899
8478434,Keegan Kolesar,20202021,VGK,3,10,13,-4,0,0,0,0,46,588,0,0,30,9.546212121212122,44,0.29545454545454547,0.06818181818181818,0.22727272727272727,1.0454545454545454,RW,82,40,-0.5412371073292448
8475149,Marcus Johansson,20102011,WSH,13,14,27,2,2,3,2,0,102,1301,1,1,10,14.723188405797101,69,0.391304347826087,0.18840579710144928,0.2028985507246377,1.4782608695652173,C,107,48,-0.5426544739225847
8478366,Frank Vatrano,20152016,BOS,8,3,11,-3,0,0,1,1,99,660,0,0,14,11.880341880341879,39,0.28205128205128205,0.20512820512820512,0.07692307692307693,2.5384615384615383,RW,93,42,-0.5528642872164449
8480025,MacKenzie Entwistle,20212022,CHI,5,7,12,-16,0,0,0,0,34,795,1,1,23,10.244545454545456,55,0.21818181818181817,0.09090909090909091,0.12727272727272726,0.6181818181818182,RW,68,28,-0.5732438740091106
8476392,Adam Lowry,20142015,WPG,11,12,23,1,0,3,2,0,104,1592,1,1,46,13.753125,80,0.2875,0.1375,0.15,1.3,C,99,43,-0.5763237056100116
8482062,Cole Smith,20222023,NSH,4,13,17,-3,0,0,1,0,64,1170,0,2,60,12.742512077294686,69,0.2463768115942029,0.057971014492753624,0.18840579710144928,0.927536231884058,LW,92,42,-0.5840919912708591
8479543,Michael Pezzetta,20212022,MTL,5,6,11,-7,0,0,0,0,49,596,0,0,81,7.8359477124183,51,0.21568627450980393,0.09803921568627451,0.11764705882352941,0.9607843137254902,LW,55,22,-0.586225280393518
8475220,Marcus Foligno,20122013,BUF,5,13,18,-4,1,4,0,0,55,789,0,1,41,13.627304964539007,47,0.3829787234042553,0.10638297872340426,0.2765957446808511,1.1702127659574468,LW,48,21,-0.5898772672238412
8478891,Mason Appleton,20182019,WPG,3,7,10,9,0,0,1,0,29,427,0,0,4,8.204166666666667,36,0.2777777777777778,0.08333333333333333,0.19444444444444445,0.8055555555555556,C,99,47,-0.5946447289716765
8475343,Nic Dowd,20162017,LAK,6,16,22,-15,1,8,2,1,78,1230,0,0,25,12.455714285714285,70,0.3142857142857143,0.08571428571428572,0.22857142857142856,1.1142857142857143,C,86,39,-0.5981114859893035
8479520,Brandon Duhaime,20212022,MIN,6,11,17,-2,0,0,1,0,91,1156,0,0,122,10.218125,80,0.2125,0.075,0.1375,1.1375,RW,113,53,-0.6027997546164671
8475810,Bryan Rust,20152016,PIT,4,7,11,1,0,1,1,0,68,765,0,0,12,12.497560975609755,41,0.2682926829268293,0.0975609756097561,0.17073170731707318,1.6585365853658536,RW,104,48,-0.609303750759403
8476878,Zemgus Girgensons,20132014,BUF,8,14,22,-6,0,0,1,0,115,1463,1,2,14,15.31595238095238,70,0.3142857142857143,0.11428571428571428,0.2,1.6428571428571428,LW,52,21,-0.6094276343593034
8470794,Joe Pavelski,20062007,SJS,14,14,28,4,5,11,3,0,111,871,0,0,18,15.025724637681158,46,0.6086956521739131,0.30434782608695654,0.30434782608695654,2.4130434782608696,C,107,51,-0.6134136336337576
8476889,Radek Faksa,20152016,DAL,5,7,12,9,0,1,1,0,67,834,0,0,16,12.353703703703703,45,0.26666666666666666,0.1111111111111111,0.15555555555555556,1.488888888888889,C,109,50,-0.6159738691781164
8482055,Drew O,20222023,PIT,5,6,11,-3,0,0,0,0,62,647,0,0,12,9.815579710144927,46,0.2391304347826087,0.10869565217391304,0.13043478260869565,1.3478260869565217,LW,91,40,-0.6199732974353948
8475745,Charlie Coyle,20122013,MIN,8,6,14,3,1,1,2,0,50,762,0,0,28,15.062612612612615,37,0.3783783783783784,0.21621621621621623,0.16216216216216217,1.3513513513513513,C,55,26,-0.6271019989693589
8480144,David Kampf,20172018,CHI,4,7,11,-9,0,0,0,0,46,855,0,0,12,12.79963768115942,46,0.2391304347826087,0.08695652173913043,0.15217391304347827,1,C,76,33,-0.6334249475558846
8478133,Jake Evans,20202021,MTL,3,10,13,2,0,0,0,0,55,832,1,2,29,11.835106382978724,47,0.2765957446808511,0.06382978723404255,0.2127659574468085,1.1702127659574468,C,59,24,-0.6366992188327404
8482496,Nils Aman,20222023,VAN,4,12,16,-12,0,0,1,0,50,1239,0,2,18,12.702205882352942,68,0.23529411764705882,0.058823529411764705,0.17647058823529413,0.7352941176470589,C,83,38,-0.6389692830519137
8477955,Jared McCann,20152016,VAN,9,9,18,-6,1,3,1,0,106,1250,0,0,32,12.521980676328502,69,0.2608695652173913,0.13043478260869565,0.13043478260869565,1.536231884057971,LW,75,31,-0.6397542913665722
8477953,Kasperi Kapanen,20172018,TOR,7,2,9,-1,0,0,1,0,55,642,1,1,4,11.24561403508772,38,0.23684210526315788,0.18421052631578946,0.05263157894736842,1.4473684210526316,RW,105,49,-0.6436371420423238
8482089,Jake Neighbours,20222023,STL,6,4,10,-19,1,2,1,0,53,684,0,0,24,12.427519379844961,43,0.23255813953488372,0.13953488372093023,0.09302325581395349,1.2325581395348837,LW,81,37,-0.6525168076776481
8477942,Kevin Fiala,20162017,NSH,11,5,16,1,0,0,1,0,114,1016,0,0,18,13.512345679012345,54,0.2962962962962963,0.2037037037037037,0.09259259259259259,2.111111111111111,LW,94,41,-0.6807672807140858
8482155,Alex Laferriere,20232024,LAK,6,7,13,-6,0,2,1,0,88,711,0,0,24,12.976515151515152,44,0.29545454545454547,0.13636363636363635,0.1590909090909091,2,RW,54,22,-0.7145157909629466
8479420,Tage Thompson,20172018,STL,3,6,9,-12,0,1,0,0,55,640,0,0,12,11.924390243902439,41,0.21951219512195122,0.07317073170731707,0.14634146341463414,1.3414634146341464,C,94,44,-0.7209758344335265
8478020,Michael Amadio,20172018,LAK,4,4,8,-2,1,3,0,0,28,487,0,0,8,9.311261261261262,37,0.21621621621621623,0.10810810810810811,0.10810810810810811,0.7567567567567568,RW,98,45,-0.7356848950484699
8475169,Evander Kane,20092010,ATL,14,12,26,2,0,0,3,0,127,1166,1,1,62,13.993181818181817,66,0.3939393939393939,0.21212121212121213,0.18181818181818182,1.9242424242424243,LW,83,35,-0.739975231537818
8477425,Miles Wood,20162017,NJD,8,9,17,-21,2,4,0,0,105,1038,0,0,86,12.8525,60,0.2833333333333333,0.13333333333333333,0.15,1.75,LW,70,28,-0.7403280739716493
8476934,Brock McGinn,20162017,CAR,7,9,16,-11,0,0,1,0,74,1017,0,1,6,11.997368421052633,57,0.2807017543859649,0.12280701754385964,0.15789473684210525,1.2982456140350878,LW,87,36,-0.752419362828448
8476469,Joel Armia,20152016,WPG,4,6,10,2,0,0,1,0,52,726,0,2,12,12.16124031007752,43,0.23255813953488372,0.09302325581395349,0.13953488372093023,1.2093023255813953,RW,78,35,-0.755891236938101
8477962,Brendan Lemieux,20182019,WPG,9,2,11,10,0,0,1,0,37,472,0,0,64,7.415151515151515,44,0.25,0.20454545454545456,0.045454545454545456,0.8409090909090909,LW,99,47,-0.7589502784015063
8480835,Jack Drury,20222023,CAR,2,6,8,3,0,1,1,0,69,552,0,0,14,10.785087719298245,38,0.21052631578947367,0.05263157894736842,0.15789473684210525,1.8157894736842106,C,113,52,-0.7616100322954038
8478043,Sam Lafferty,20192020,PIT,6,7,13,5,0,0,1,0,56,734,0,0,23,9.616333333333333,50,0.26,0.12,0.14,1.12,C,86,40,-0.7631500668866579
8479987,Morgan Geekie,20202021,CAR,3,6,9,1,2,2,0,0,30,477,0,0,10,9.787037037037036,36,0.25,0.08333333333333333,0.16666666666666666,0.8333333333333334,C,80,36,-0.7713252735171572
8477839,Conor Sheary,20152016,PIT,7,3,10,-1,0,0,0,0,51,603,0,0,8,9.753030303030302,44,0.22727272727272727,0.1590909090909091,0.06818181818181818,1.1590909090909092,LW,104,48,-0.777572647231487
8470604,Jeff Carter,20052006,PHI,23,19,42,10,6,13,7,0,189,1369,2,2,40,12.073251028806583,81,0.5185185185185185,0.2839506172839506,0.2345679012345679,2.3333333333333335,C,101,45,-0.7857978903203171
8478508,Yakov Trenin,20202021,NSH,5,6,11,4,0,0,0,0,62,687,0,0,22,11.562222222222221,45,0.24444444444444444,0.1111111111111111,0.13333333333333333,1.3777777777777778,C,64,31,-0.7994471604956798
8479414,Nathan Bastian,20202021,NJD,3,7,10,0,0,0,0,0,46,795,0,0,21,12.620731707317074,41,0.24390243902439024,0.07317073170731707,0.17073170731707318,1.1219512195121952,RW,45,19,-0.8021907592252917
8479981,Jonah Gadjovich,20222023,SJS,3,4,7,-3,0,0,0,0,32,465,0,0,57,8.991428571428571,35,0.2,0.08571428571428572,0.11428571428571428,0.9142857142857143,LW,60,22,-0.813732350723887
8473473,Milan Lucic,20072008,BOS,8,19,27,-2,1,3,4,0,88,1173,0,0,89,12.117532467532467,77,0.35064935064935066,0.1038961038961039,0.24675324675324675,1.1428571428571428,LW,94,41,-0.8139269354516004
8480980,Connor Dewar,20212022,MIN,2,4,6,-4,0,1,1,0,44,478,0,0,25,9.896190476190476,35,0.17142857142857143,0.05714285714285714,0.11428571428571428,1.2571428571428571,C,113,53,-0.8164465487210727
8480748,Kiefer Sherwood,20182019,ANA,6,6,12,1,0,0,1,0,60,784,0,0,8,11.370333333333333,50,0.24,0.12,0.12,1.2,LW,80,35,-0.818100276196245
8477409,Carter Verhaeghe,20192020,TBL,9,4,13,-9,1,1,1,0,57,692,0,0,8,9.361538461538462,52,0.25,0.17307692307692307,0.07692307692307693,1.0961538461538463,C,92,43,-0.8237122262902009
8482157,Will Cuylle,20232024,NYR,8,5,13,2,0,1,1,0,69,740,0,0,36,11.36099290780142,47,0.2765957446808511,0.1702127659574468,0.10638297872340426,1.4680851063829787,LW,63,30,-0.8268478497209759
8481517,Brett Leason,20212022,WSH,3,3,6,1,0,0,0,0,45,443,0,0,4,8.955555555555556,36,0.16666666666666666,0.08333333333333333,0.08333333333333333,1.25,RW,100,44,-0.8412171915158096
8477934,Leon Draisaitl,20142015,EDM,2,7,9,-17,1,2,1,0,49,647,0,0,4,12.695495495495496,37,0.24324324324324326,0.05405405405405406,0.1891891891891892,1.3243243243243243,C,62,24,-0.8425603921464648
8479336,Carl Grundstrom,20202021,LAK,6,5,11,-10,0,2,3,0,66,786,0,0,16,12.474822695035462,47,0.23404255319148937,0.1276595744680851,0.10638297872340426,1.4042553191489362,RW,49,21,-0.8521009063278072
8475855,Jesper Fast,20142015,NYR,6,8,14,-1,0,1,0,0,52,1030,0,0,8,11.804310344827586,58,0.2413793103448276,0.10344827586206896,0.13793103448275862,0.896551724137931,RW,113,53,-0.8537733086628725
8481147,Reese Johnson,20212022,CHI,1,5,6,-13,0,0,0,0,24,580,0,0,16,10.626126126126128,37,0.16216216216216217,0.02702702702702703,0.13513513513513514,0.6486486486486487,C,68,28,-0.864648880645966
8480762,Eric Robinson,20192020,CBJ,7,5,12,10,0,0,3,0,69,774,0,0,12,10.950666666666667,50,0.24,0.14,0.1,1.38,LW,81,33,-0.884274385693744
8479383,Boris Katchouk,20212022,TBL,2,4,6,3,0,0,1,0,36,542,0,0,25,9.816228070175438,38,0.15789473684210525,0.05263157894736842,0.10526315789473684,0.9473684210526315,LW,110,51,-0.8868473229797986
8481601,Simon Holmstrom,20222023,NYI,6,3,9,-4,0,0,2,0,39,833,0,0,0,11.097333333333333,50,0.18,0.12,0.06,0.78,RW,93,42,-0.9127647557380053
8480806,Isac Lundestrom,20202021,ANA,6,3,9,-9,0,0,0,0,52,869,0,0,14,15.24268292682927,41,0.21951219512195122,0.14634146341463414,0.07317073170731707,1.2682926829268293,C,43,17,-0.92565270205783
8482077,Dylan Holloway,20222023,EDM,3,6,9,0,0,0,1,0,44,691,0,0,27,9.58529411764706,51,0.17647058823529413,0.058823529411764705,0.11764705882352941,0.8627450980392157,LW,109,50,-0.9302410625052026
8477380,Jonny Brodzinski,20172018,LAK,4,2,6,4,0,0,1,0,53,480,0,0,6,9.505238095238095,35,0.17142857142857143,0.11428571428571428,0.05714285714285714,1.5142857142857142,C,98,45,-0.9355600158618161
8470621,Corey Perry,20052006,ANA,13,12,25,1,4,11,2,0,98,867,0,0,50,11.570535714285715,56,0.44642857142857145,0.23214285714285715,0.21428571428571427,1.75,RW,98,43,-0.941128650564986
8478051,Max Willman,20212022,PHI,4,2,6,-13,0,0,0,0,65,704,0,0,16,11.771544715447154,41,0.14634146341463414,0.0975609756097561,0.04878048780487805,1.5853658536585367,C,61,25,-0.9469455449079793
8479991,Jake Leschyshyn,20212022,VGK,2,4,6,-2,0,0,0,0,35,672,0,0,8,11.301219512195123,41,0.14634146341463414,0.04878048780487805,0.0975609756097561,0.8536585365853658,C,94,43,-0.9469455449079793
8477508,Curtis Lazar,20142015,OTT,6,9,15,1,0,0,0,0,92,1228,0,0,14,12.89676616915423,67,0.22388059701492538,0.08955223880597014,0.13432835820895522,1.373134328358209,C,99,43,-0.959040838346759
8473533,Jordan Staal,20062007,PIT,29,13,42,16,4,6,4,1,131,1637,7,9,24,14.94156378600823,81,0.5185185185185185,0.35802469135802467,0.16049382716049382,1.617283950617284,C,105,47,-0.9649618638271703
8480355,Mark Kastelic,20222023,OTT,7,4,11,-6,0,0,2,0,73,1038,0,0,102,8.893076923076922,65,0.16923076923076924,0.1076923076923077,0.06153846153846154,1.123076923076923,C,86,39,-0.9660898968994536
8478874,Adam Gaudette,20182019,VAN,5,7,12,-8,0,2,1,0,55,897,0,0,18,10.949107142857143,56,0.21428571428571427,0.08928571428571429,0.125,0.9821428571428571,C,81,35,-0.970200270525573
8475766,Austin Watson,20152016,NSH,3,7,10,-4,0,0,0,0,55,874,0,0,32,10.002631578947367,57,0.17543859649122806,0.05263157894736842,0.12280701754385964,0.9649122807017544,LW,96,41,-0.9902026183543432
8475231,Casey Cizikas,20122013,NYI,6,9,15,0,0,1,1,0,45,695,0,0,14,10.786666666666665,45,0.3333333333333333,0.13333333333333333,0.2,1,C,55,24,-0.9915941639775557
8477429,Andrew Copp,20152016,WPG,7,6,13,8,0,0,0,0,54,928,0,0,6,8.003246753246753,77,0.16883116883116883,0.09090909090909091,0.07792207792207792,0.7012987012987013,C,78,35,-1.0173070981897843
8479359,Beck Malenstyn,20232024,WSH,4,7,11,3,0,0,0,0,56,848,0,0,12,14.045185185185185,45,0.24444444444444444,0.08888888888888889,0.15555555555555556,1.2444444444444445,LW,51,22,-1.018356408013867
8475794,Tyler Seguin,20102011,BOS,11,11,22,-4,1,3,0,0,131,1122,0,0,18,12.209909909909909,74,0.2972972972972973,0.14864864864864866,0.14864864864864866,1.7702702702702702,C,103,46,-1.039421539646276
8477998,Warren Foegele,20182019,CAR,10,5,15,-17,0,0,3,0,106,1412,0,0,20,12.493722943722943,77,0.19480519480519481,0.12987012987012986,0.06493506493506493,1.3766233766233766,LW,99,46,-1.085427538956882
8476624,Barclay Goodrow,20142015,SJS,4,8,12,-1,0,0,2,0,68,994,0,1,35,11.071666666666665,60,0.2,0.06666666666666667,0.13333333333333333,1.1333333333333333,C,89,40,-1.1027000553271218
8480185,Eetu Luostarinen,20202021,FLA,3,5,8,-11,0,0,1,0,34,821,0,0,12,13.136742424242424,44,0.18181818181818182,0.06818181818181818,0.11363636363636363,0.7727272727272727,C,79,37,-1.1164575227990254
8478904,Steven Lorentz,20202021,CAR,2,6,8,1,0,0,1,0,40,652,0,0,8,10.438888888888888,45,0.17777777777777778,0.044444444444444446,0.13333333333333333,0.8888888888888888,C,80,36,-1.136909804237951
8477478,William Carrier,20162017,BUF,5,3,8,-1,0,0,1,0,50,583,0,0,21,9.000813008130082,41,0.1951219512195122,0.12195121951219512,0.07317073170731707,1.2195121951219512,LW,78,33,-1.145632008577997
8476858,Phillip Di,20162017,CAR,1,6,7,-12,0,1,1,1,68,621,0,0,15,12.295833333333333,36,0.19444444444444445,0.027777777777777776,0.16666666666666666,1.8888888888888888,LW,87,36,-1.148744942023514
8481019,David Gustafsson,20222023,WPG,0,6,6,2,0,0,0,0,45,673,0,1,6,10.097463768115942,46,0.13043478260869565,0,0.13043478260869565,0.9782608695652174,C,95,46,-1.1581928899034288
8476897,Oskar Sundqvist,20172018,STL,1,4,5,-5,0,0,0,0,41,661,0,0,14,10.476587301587301,42,0.11904761904761904,0.023809523809523808,0.09523809523809523,0.9761904761904762,C,94,44,-1.1693220106061606
8475158,Ryan O,20092010,COL,8,18,26,4,0,0,2,0,135,1862,2,2,18,16.76625514403292,81,0.32098765432098764,0.09876543209876543,0.2222222222222222,1.6666666666666667,C,95,43,-1.2479997623153716
8478474,Lawson Crouse,20162017,ARI,5,7,12,-20,0,0,2,0,84,1212,1,1,48,11.888425925925926,72,0.16666666666666666,0.06944444444444445,0.09722222222222222,1.1666666666666667,LW,70,30,-1.276375213289722
8482117,Lukas Reichel,20232024,CHI,3,6,9,-26,2,2,0,0,60,774,0,0,12,14.524814814814816,45,0.2,0.06666666666666667,0.13333333333333333,1.3333333333333333,LW,30,14,-1.2830888268305103
8478891,Mason Appleton,20192020,WPG,5,3,8,-9,0,0,0,0,55,691,1,1,20,11.162318840579712,46,0.17391304347826086,0.10869565217391304,0.06521739130434782,1.1956521739130435,C,80,37,-1.2845112652302018
8477070,Liam O,20212022,ARI,2,1,3,1,0,0,0,0,36,548,0,0,106,9.477350427350428,39,0.07692307692307693,0.05128205128205128,0.02564102564102564,0.9230769230769231,C,57,25,-1.3080485364935432
8478028,Fredrik Olofsson,20232024,COL,3,6,9,-2,0,0,1,0,38,702,0,0,8,10.168840579710144,46,0.1956521739130435,0.06521739130434782,0.13043478260869565,0.8260869565217391,LW,67,32,-1.3089865634538775
8477478,William Carrier,20172018,VGK,1,2,3,-3,0,0,0,0,52,455,0,0,19,8.840990990990992,37,0.08108108108108109,0.02702702702702703,0.05405405405405406,1.4054054054054055,LW,109,51,-1.3387563802611524
8475278,Byron Froese,20152016,TOR,2,3,5,-11,0,0,0,0,64,1112,0,0,16,12.626190476190477,56,0.08928571428571429,0.03571428571428571,0.05357142857142857,1.1428571428571428,C,69,29,-1.3436123231052441
8479981,Jonah Gadjovich,20212022,SJS,1,2,3,-9,0,0,0,0,36,568,0,0,74,8.755813953488373,43,0.06976744186046512,0.023255813953488372,0.046511627906976744,0.8372093023255814,LW,77,32,-1.3452709693156881
8475768,Jaden Schwartz,20122013,STL,7,6,13,-4,0,0,1,0,50,846,0,0,4,12.468148148148149,45,0.28888888888888886,0.15555555555555556,0.13333333333333333,1.1111111111111112,C,60,29,-1.3512264334523099
8477930,Pierre Bellemare,20142015,PHI,6,6,12,-3,0,0,1,0,113,1490,0,0,18,12.831893004115228,81,0.14814814814814814,0.07407407407407407,0.07407407407407407,1.3950617283950617,LW,84,33,-1.4146267810854096
8473422,Nick Foligno,20072008,OTT,6,3,9,0,0,0,0,0,44,520,0,0,20,9.161111111111111,45,0.2,0.13333333333333333,0.06666666666666667,0.9777777777777777,LW,94,43,-1.4183228467344227
8479365,Trent Frederic,20202021,BOS,4,1,5,-8,0,0,3,0,44,645,0,0,65,11.255158730158731,42,0.11904761904761904,0.09523809523809523,0.023809523809523808,1.0476190476190477,C,73,33,-1.4341983237251903
8480880,Jakub Lauko,20232024,BOS,2,4,6,-2,0,0,0,0,22,477,0,0,20,9.385238095238096,35,0.17142857142857143,0.05714285714285714,0.11428571428571428,0.6285714285714286,C,71,31,-1.4532739532126382
8476952,Dominic Toninato,20172018,COL,0,2,2,0,0,0,0,0,25,427,0,0,12,7.897747747747747,37,0.05405405405405406,0,0.05405405405405406,0.6756756756756757,C,95,43,-1.459370677303689
8474709,Matt Martin,20102011,NYI,5,9,14,-13,0,0,1,0,60,1001,0,1,147,10.957598039215686,68,0.20588235294117646,0.07352941176470588,0.1323529411764706,0.8823529411764706,LW,73,30,-1.5224909840724394
8475799,Nino Niederreiter,20112012,NYI,1,0,1,-29,0,0,0,0,74,728,0,0,12,10.115454545454545,55,0.01818181818181818,0.01818181818181818,0,1.3454545454545455,RW,79,34,-1.5422959938012386
8480003,Jesper Boqvist,20192020,NJD,4,0,4,-11,1,1,0,0,41,514,0,0,8,10.94952380952381,35,0.11428571428571428,0.11428571428571428,0,1.1714285714285715,C,68,28,-1.6456272467668556
8479293,Brandon Tanev,20162017,WPG,2,2,4,-6,0,0,1,0,54,877,0,0,26,10.677124183006535,51,0.0784313725490196,0.0392156862745098,0.0392156862745098,1.0588235294117647,LW,87,40,-1.6817890161353233
8475191,Reilly Smith,20122013,DAL,3,6,9,0,0,0,0,0,34,573,0,0,8,10.917117117117117,37,0.24324324324324326,0.08108108108108109,0.16216216216216217,0.918918918918919,RW,48,22,-1.7205784939939486
8476822,Luke Glendening,20132014,DET,1,6,7,-8,0,0,0,0,54,1132,0,0,22,13.913988095238095,56,0.125,0.017857142857142856,0.10714285714285714,0.9642857142857143,C,93,39,-1.7742143649369038
8476880,Tom Wilson,20132014,WSH,3,7,10,1,1,1,0,0,63,913,0,0,151,7.938414634146342,82,0.12195121951219512,0.036585365853658534,0.08536585365853659,0.7682926829268293,RW,90,38,-1.7929753108965063
8473504,Cal Clutterbuck,20082009,MIN,11,7,18,-5,1,1,1,0,136,1603,0,0,76,13.005128205128205,78,0.23076923076923078,0.14102564102564102,0.08974358974358974,1.7435897435897436,RW,89,40,-1.95945164277873
